index,ListID
Artists in Australia,928
Balkan News,614
Columbian Comedy,1886
Dog Walkers Weekly,2278
Epicurean Delights,2509
Fishing with Friends,845
Gardening and Greenery,339
Hobbies for Profit,1214
Iguana Lovers Monthly,3472
Jalopeno Recipe of the Week,92
Kyoto Siteseeing,549
Llama Keepers,489
Monkey Madness,6822
Nautical Novels,487
Obscure Fact of the Day,1
Planets and Stars,0
Quesadilla Recipies,2719
Radical Reading,234
Shopping Bargin of the Day,305
Train Trips in the Ukraine,2112
Underground Art,9807
Very Funky Finds,611
Xtraordinarly GR8,2664
Your Health Tips,18384